City_ID,City,Country,Date,Lat,Lng,Max Temp,Humidity,Cloudiness,Wind Speed
0,Shimoda,JP,2022-12-30 06:54:51,34.6667,138.95,52.16,58,12,8.14
1,Cherskiy,RU,2022-12-30 06:54:52,68.75,161.3,-44.63,100,87,3.67
2,Tammisaari,FI,2022-12-30 06:54:52,59.9736,23.4339,40.28,99,100,13.91
3,Novodugino,RU,2022-12-30 06:54:53,55.6305,34.2842,32.67,99,100,9.26
4,Comodoro Rivadavia,AR,2022-12-30 06:54:53,-45.8667,-67.5,62.46,34,0,13.8
5,Port Elizabeth,ZA,2022-12-30 06:54:54,-33.918,25.5701,70.11,63,40,7.0
6,Rikitea,PF,2022-12-30 06:54:24,-23.1203,-134.9692,77.56,73,75,4.79
7,Avarua,CK,2022-12-30 06:54:55,-21.2078,-159.775,78.85,83,75,2.3
8,Paamiut,GL,2022-12-30 06:54:55,61.994,-49.6678,10.81,79,7,12.35
9,Nikolskoye,RU,2022-12-30 06:54:56,59.7035,30.7861,30.09,96,100,8.5
10,Punta Arenas,CL,2022-12-30 06:52:25,-53.15,-70.9167,46.51,71,75,17.27
11,East London,ZA,2022-12-30 06:52:14,-33.0153,27.9116,63.54,82,75,5.75
12,Kavaratti,IN,2022-12-30 06:54:57,10.5669,72.642,82.2,68,83,5.14
13,Tuktoyaktuk,CA,2022-12-30 06:54:58,69.4541,-133.0374,-2.2,84,75,6.91
14,Hilo,US,2022-12-30 06:54:58,19.7297,-155.09,71.26,95,0,1.99
15,Upernavik,GL,2022-12-30 06:54:59,72.7868,-56.1549,-10.03,90,100,4.68
16,San Patricio,US,2022-12-30 06:54:59,28.017,-97.5169,64.83,94,100,4.9
17,Margate,GB,2022-12-30 06:55:00,51.3813,1.3862,48.9,85,100,11.99
18,Ushuaia,AR,2022-12-30 06:55:00,-54.8,-68.3,44.26,76,75,19.57
19,Yellowknife,CA,2022-12-30 06:55:00,62.456,-114.3525,7.32,85,100,10.36
20,Mar Del Plata,AR,2022-12-30 06:50:05,-38.0023,-57.5575,67.08,69,99,8.99
21,Pacific Grove,US,2022-12-30 06:55:01,36.6177,-121.9166,54.68,92,100,3.44
22,Khatanga,RU,2022-12-30 06:55:02,71.9667,102.5,-10.68,93,100,15.99
23,Puerto Ayora,EC,2022-12-30 06:55:03,-0.7393,-90.3518,71.55,96,51,4.59
24,San Quintin,MX,2022-12-30 06:55:03,30.4833,-115.95,57.6,80,11,8.25
25,Kapaa,US,2022-12-30 06:54:09,22.0752,-159.319,69.78,89,97,2.46
26,Zhangjiakou,CN,2022-12-30 06:55:04,40.81,114.8794,23.0,26,0,1.99
27,Severo-Kurilsk,RU,2022-12-30 06:55:05,50.6789,156.125,25.02,70,100,19.89
28,Albany,US,2022-12-30 06:55:05,42.6001,-73.9662,42.53,68,100,2.33
29,Saint Anthony,US,2022-12-30 06:55:06,45.0205,-93.218,21.25,84,100,14.97
30,Kropotkin,RU,2022-12-30 06:55:07,45.4375,40.5756,37.81,53,69,8.41
31,Samarai,PG,2022-12-30 06:55:07,-10.6167,150.6667,82.51,74,100,12.8
32,Bengkulu,ID,2022-12-30 06:55:08,-3.8004,102.2655,81.34,77,37,15.17
33,Findlay,US,2022-12-30 06:55:00,41.0442,-83.6499,57.22,79,100,16.69
34,Mataura,NZ,2022-12-30 06:55:09,-46.1927,168.8643,59.41,52,33,5.19
35,Hermanus,ZA,2022-12-30 06:55:10,-34.4187,19.2345,67.8,50,70,18.61
36,Bambous Virieux,MU,2022-12-30 06:55:09,-20.3428,57.7575,82.65,61,20,5.75
37,Upington,ZA,2022-12-30 06:55:10,-28.4478,21.2561,73.78,43,0,10.36
38,Strezhevoy,RU,2022-12-30 06:55:11,60.7333,77.5889,-13.56,98,86,5.41
39,Tocopilla,CL,2022-12-30 06:51:54,-22.092,-70.1979,66.25,69,54,2.35
40,La Rochelle,FR,2022-12-30 06:55:12,46.1667,-1.15,50.07,100,75,18.41
41,Nicoya,CR,2022-12-30 06:55:13,10.1483,-85.452,72.01,88,6,3.94
42,Longyearbyen,SJ,2022-12-30 06:55:13,78.2186,15.6401,22.84,68,75,10.36
43,Saint George,US,2022-12-30 06:51:36,37.1041,-113.5841,38.25,88,100,4.61
44,Mollendo,PE,2022-12-30 06:56:14,-17.0231,-72.0147,68.85,86,100,7.72
45,Thinadhoo,MV,2022-12-30 06:56:15,0.5333,72.9333,80.76,76,26,7.92
46,Coahuayana,MX,2022-12-30 06:56:15,18.7333,-103.6833,68.85,74,100,4.21
47,Hobart,AU,2022-12-30 06:56:16,-42.8794,147.3294,68.25,66,75,17.27
48,Esperance,AU,2022-12-30 06:56:16,-33.8667,121.9,79.29,51,0,21.16
49,Moyale,KE,2022-12-30 06:56:17,3.5167,39.0584,77.16,32,41,21.32
50,Balabac,PH,2022-12-30 06:56:18,7.9868,117.0645,81.95,75,99,11.48
51,Chuy,UY,2022-12-30 06:56:18,-33.6971,-53.4616,56.71,83,0,5.57
52,College,US,2022-12-30 06:53:04,64.8569,-147.8028,-1.91,85,26,3.13
53,Soe,ID,2022-12-30 06:56:19,-9.8607,124.284,75.7,68,100,13.04
54,Havoysund,NO,2022-12-30 06:56:19,70.9963,24.6622,26.83,71,100,32.1
55,Fortuna,US,2022-12-30 06:56:20,40.5982,-124.1573,56.35,93,100,8.01
56,Port Macquarie,AU,2022-12-30 06:56:20,-31.4333,152.9167,73.89,84,19,8.01
57,Jaciara,BR,2022-12-30 06:56:21,-15.9653,-54.9683,69.85,97,100,0.65
58,Alta Floresta,BR,2022-12-30 06:56:21,-9.8756,-56.0861,70.57,100,100,2.42
59,Cidreira,BR,2022-12-30 06:56:22,-30.1811,-50.2056,65.71,76,0,8.95
60,Busselton,AU,2022-12-30 06:56:22,-33.65,115.3333,83.32,41,0,15.48
61,Victoria,HK,2022-12-30 06:56:23,22.2855,114.1577,64.2,62,5,15.01
62,Faanui,PF,2022-12-30 06:56:23,-16.4833,-151.75,80.78,76,99,15.77
63,New Norfolk,AU,2022-12-30 06:56:24,-42.7826,147.0587,67.91,54,94,1.99
64,Flinders,AU,2022-12-30 06:56:24,-34.5833,150.8552,73.18,88,42,4.0
65,Clyde River,CA,2022-12-30 06:56:25,70.4692,-68.5914,-23.57,76,0,4.61
66,Lahaina,US,2022-12-30 06:54:27,20.8783,-156.6825,75.81,78,22,5.95
67,Nanortalik,GL,2022-12-30 06:56:26,60.1432,-45.2371,16.75,74,2,8.81
68,Oxford,GB,2022-12-30 06:56:20,51.7522,-1.256,49.21,87,75,23.02
69,Dikson,RU,2022-12-30 06:56:26,73.5069,80.5464,-14.69,97,100,20.0
70,Mmabatho,ZA,2022-12-30 06:56:27,-25.85,25.6333,67.96,73,100,8.05
71,Bluff,NZ,2022-12-30 06:56:28,-46.6,168.3333,55.06,62,83,11.14
72,Zambezi,ZM,2022-12-30 06:56:28,-13.5432,23.1047,72.48,78,87,4.43
73,Port Alfred,ZA,2022-12-30 06:56:28,-33.5906,26.891,69.19,67,40,1.01
74,Nalut,LY,2022-12-30 06:56:30,30.3333,10.85,49.03,45,0,6.89
75,Najran,SA,2022-12-30 06:55:05,17.4924,44.1277,54.25,41,100,4.27
76,Shache,CN,2022-12-30 06:56:31,38.4167,77.2406,27.72,32,100,2.3
77,Vestmanna,FO,2022-12-30 06:56:31,62.1564,-7.1664,31.12,64,75,13.8
78,The Valley,AI,2022-12-30 06:56:32,18.217,-63.0578,78.1,77,14,22.82
79,Tasiilaq,GL,2022-12-30 06:56:32,65.6145,-37.6368,-6.21,71,9,5.37
80,Sao Joao Da Barra,BR,2022-12-30 06:56:33,-21.6403,-41.0511,72.59,95,100,6.44
81,Lagoa,PT,2022-12-30 06:56:33,39.05,-27.9833,60.44,84,100,27.38
82,Cape Town,ZA,2022-12-30 06:54:05,-33.9258,18.4232,70.12,54,0,11.01
83,Damghan,IR,2022-12-30 06:56:34,36.1683,54.348,42.08,41,0,1.68
84,Fare,PF,2022-12-30 06:56:34,-16.7,-151.0167,80.82,76,12,15.5
85,Udachnyy,RU,2022-12-30 06:56:35,66.4167,112.4,-13.59,94,100,21.7
86,Hervey Bay,AU,2022-12-30 06:56:35,-25.2986,152.8535,75.99,84,99,19.04
87,Thompson,CA,2022-12-30 06:56:36,55.7435,-97.8558,5.16,85,100,5.75
88,Kodiak,US,2022-12-30 06:56:36,57.79,-152.4072,36.91,100,100,5.75
89,Skibbereen,IE,2022-12-30 06:56:37,51.55,-9.2667,50.11,86,100,19.64
90,Narsaq,GL,2022-12-30 06:56:37,60.9167,-46.05,0.3,64,0,6.71
91,Payo,ID,2022-12-30 06:57:38,-3.7508,103.6372,83.26,70,87,4.47
92,Naze,JP,2022-12-30 06:57:38,28.3667,129.4833,52.72,86,100,15.93
93,Codrington,AU,2022-12-30 06:57:39,-38.2667,141.9667,66.83,74,4,12.41
94,Canon City,US,2022-12-30 06:57:39,38.441,-105.2424,29.52,69,0,3.44
95,Kamaishi,JP,2022-12-30 06:57:40,39.2667,141.8833,36.32,68,53,9.46
96,Lompoc,US,2022-12-30 06:57:40,34.6391,-120.4579,56.79,84,100,5.3
97,Zhezkazgan,KZ,2022-12-30 06:57:41,47.8043,67.7144,21.18,93,100,6.71
98,La Ronge,CA,2022-12-30 06:57:41,55.1001,-105.2842,-3.75,77,75,1.14
99,Butaritari,KI,2022-12-30 06:57:42,3.0707,172.7902,81.07,78,64,11.88
100,Tiznit,MA,2022-12-30 06:57:42,29.5833,-9.5,59.9,32,58,5.21
101,Viedma,AR,2022-12-30 06:57:43,-40.8135,-62.9967,61.79,74,36,6.4
102,Luderitz,NA,2022-12-30 06:57:43,-26.6481,15.1594,76.91,40,0,12.15
103,Arraial Do Cabo,BR,2022-12-30 06:57:44,-22.9661,-42.0278,72.3,93,100,2.28
104,Vila Velha,BR,2022-12-30 06:57:45,-20.3297,-40.2925,76.95,90,40,8.05
105,Kolpashevo,RU,2022-12-30 06:57:45,58.3131,82.9089,7.66,94,100,8.66
106,Quatre Cocos,MU,2022-12-30 06:57:46,-20.2078,57.7625,82.51,63,1,9.75
107,Pozhva,RU,2022-12-30 06:57:47,59.0912,56.0847,11.71,91,100,9.4
108,La Orilla,MX,2022-12-30 06:57:47,17.9833,-102.2333,71.49,76,100,5.17
109,Ribeira Grande,PT,2022-12-30 06:57:48,38.5167,-28.7,60.78,89,100,15.01
110,Vaini,TO,2022-12-30 06:57:48,-21.2,-175.2,75.36,94,100,10.36
111,Acapulco,MX,2022-12-30 06:57:49,16.8634,-99.8901,76.68,66,100,6.91
112,Rocha,UY,2022-12-30 06:57:49,-34.4833,-54.3333,52.57,86,0,7.05
113,Saint-Philippe,RE,2022-12-30 06:57:50,-21.3585,55.7679,82.11,76,46,4.81
114,Tabuk,PH,2022-12-30 06:57:50,17.4189,121.4443,71.76,88,100,8.41
115,Qaanaaq,GL,2022-12-30 06:57:51,77.484,-69.3632,-23.55,72,54,6.55
116,Schluchtern,DE,2022-12-30 06:57:51,50.3489,9.5253,43.54,95,50,6.15
117,Pryazha,RU,2022-12-30 06:57:52,61.6926,33.6216,24.03,88,100,9.86
118,Bira,RU,2022-12-30 06:57:52,49.0,132.4667,4.26,96,61,2.55
119,Santa Lucia,ES,2022-12-30 06:57:53,27.9117,-15.5407,60.76,64,20,6.91
120,Pictou,CA,2022-12-30 06:57:54,45.6834,-62.7153,29.64,80,88,11.5
121,Bredasdorp,ZA,2022-12-30 06:57:54,-34.5322,20.0403,66.61,43,98,17.6
122,Husavik,IS,2022-12-30 06:57:55,66.0449,-17.3389,20.37,71,100,18.05
123,Davydovo,RU,2022-12-30 06:57:55,55.6097,38.8569,30.02,97,100,5.19
124,Meylan,FR,2022-12-30 06:57:56,45.2199,5.7901,48.58,88,100,4.41
125,Ponta Do Sol,PT,2022-12-30 06:57:56,32.6667,-17.1,67.12,27,83,6.15
126,Limon,CR,2022-12-30 06:57:57,10.0,-83.0333,73.06,82,59,3.11
127,Krasnoselkup,RU,2022-12-30 06:57:57,65.7,82.4667,-13.04,97,21,8.57
128,Ambon,ID,2022-12-30 06:57:58,-3.6954,128.1814,87.94,66,40,11.5
129,Castro,BR,2022-12-30 06:57:58,-24.7911,-50.0119,60.13,95,96,7.63
130,Tenango,MX,2022-12-30 06:57:59,18.65,-98.1833,63.12,52,83,1.39
131,Muros,ES,2022-12-30 06:57:59,42.7762,-9.0603,61.09,89,100,24.61
132,Meulaboh,ID,2022-12-30 06:58:00,4.1363,96.1285,82.71,68,100,6.64
133,Sao Luiz Gonzaga,BR,2022-12-30 06:55:00,-28.4083,-54.9608,62.98,35,0,6.73
134,Faya,SA,2022-12-30 06:58:01,18.3851,42.4509,59.11,68,100,7.7
135,Pasighat,IN,2022-12-30 06:59:01,28.0667,95.3333,71.94,37,3,3.8
136,Grindavik,IS,2022-12-30 06:59:03,63.8424,-22.4338,14.47,79,20,0.0
137,Zhigansk,RU,2022-12-30 06:59:03,66.7697,123.3711,-19.37,98,100,2.37
138,Tofield,CA,2022-12-30 06:59:04,53.3668,-112.6686,12.18,98,100,8.21
139,Gasa,PS,2022-12-30 06:59:04,31.5,34.4667,60.87,53,0,2.1
140,Gwanda,ZW,2022-12-30 06:59:05,-20.9333,29.0,86.54,28,2,13.65
141,Klaksvik,FO,2022-12-30 06:59:05,62.2266,-6.589,32.92,64,96,21.09
142,Havelock,US,2022-12-30 06:59:06,34.8791,-76.9013,55.35,92,0,3.2
143,Barrow,US,2022-12-30 06:59:07,71.2906,-156.7887,-4.14,95,100,13.8
144,Grand Gaube,MU,2022-12-30 06:59:08,-20.0064,57.6608,82.8,73,6,6.89
145,Champasak,LA,2022-12-30 06:59:08,14.75,106.0,83.28,31,41,6.76
146,Lebu,CL,2022-12-30 06:59:09,-37.6167,-73.65,56.46,92,22,20.29
147,Olinda,BR,2022-12-30 06:59:10,-8.0089,-34.8553,80.33,74,40,8.05
148,Saskylakh,RU,2022-12-30 06:59:12,71.9167,114.0833,-1.16,85,100,22.5
149,Nantucket,US,2022-12-30 06:57:46,41.2835,-70.0995,44.15,91,80,14.45
150,Nyurba,RU,2022-12-30 06:59:13,63.2842,118.3319,-33.83,100,91,4.38
151,Hasaki,JP,2022-12-30 06:59:14,35.7333,140.8333,54.28,37,96,1.97
152,Karlstad,SE,2022-12-30 06:59:14,59.3793,13.5036,39.76,93,75,12.66
153,Yulara,AU,2022-12-30 06:59:16,-25.2406,130.9889,87.49,39,100,13.22
154,Korla,CN,2022-12-30 06:59:17,41.7597,86.1469,25.02,46,100,6.71
155,Souillac,MU,2022-12-30 06:59:17,-20.5167,57.5167,82.78,61,20,5.75
156,Tshane,BW,2022-12-30 06:59:19,-24.0196,21.8684,77.38,51,91,13.78
157,Turinsk,RU,2022-12-30 06:59:20,58.0458,63.696,-4.22,100,99,2.64
158,Port Hedland,AU,2022-12-30 06:59:21,-20.3167,118.5667,93.25,49,72,24.16
159,Turayf,SA,2022-12-30 06:59:22,31.6725,38.6637,41.25,93,40,8.05
160,Tazovskiy,RU,2022-12-30 06:59:23,67.4667,78.7,-29.11,100,56,3.85
161,Chandauli,IN,2022-12-30 06:59:24,25.2667,83.2667,68.05,24,0,5.99
162,Sur,OM,2022-12-30 06:59:24,22.5667,59.5289,74.59,45,3,17.34
163,Batemans Bay,AU,2022-12-30 06:59:25,-35.7167,150.1833,67.1,69,22,9.91
164,Englehart,CA,2022-12-30 06:59:26,47.8169,-79.8664,37.96,100,100,12.66
165,Dingle,PH,2022-12-30 06:59:26,10.9995,122.6711,83.57,76,100,8.5
166,Kandrian,PG,2022-12-30 06:59:27,-6.2167,149.55,81.23,76,100,5.06
167,Biltine,TD,2022-12-30 06:59:28,14.5333,20.9167,63.81,22,2,15.7
168,Sao Filipe,CV,2022-12-30 06:59:32,14.8961,-24.4956,71.73,62,28,7.45
169,Buala,SB,2022-12-30 06:59:32,-8.145,159.5921,82.76,79,97,8.99
170,Encantado,BR,2022-12-30 06:59:33,-29.2361,-51.8697,62.06,78,0,3.31
171,Awjilah,LY,2022-12-30 06:59:35,29.1081,21.2869,56.21,80,4,4.56
172,Pevek,RU,2022-12-30 06:59:36,69.7008,170.3133,-31.11,100,100,2.82
173,Puerto Del Rosario,ES,2022-12-30 06:59:36,28.5004,-13.8627,62.35,72,0,3.44
174,Boyuibe,BO,2022-12-30 06:59:37,-20.4167,-63.2833,68.67,64,100,4.0
175,Georgiyevka,KZ,2022-12-30 06:59:37,43.0369,74.7114,33.84,93,100,2.24
176,Follebu,NO,2022-12-30 06:59:37,61.216,10.2851,18.05,98,100,2.86
177,Maceio,BR,2022-12-30 06:59:38,-9.6658,-35.7353,76.44,94,75,3.44
178,Eureka,US,2022-12-30 06:57:01,40.8021,-124.1637,56.62,95,100,5.01
179,Jagtial,IN,2022-12-30 06:59:39,18.8,78.9333,86.99,36,47,1.57
180,San Policarpo,PH,2022-12-30 06:59:40,12.1791,125.5072,81.45,82,100,6.67
181,Hoquiam,US,2022-12-30 07:00:40,46.9809,-123.8893,47.28,98,100,5.99
182,Tual,ID,2022-12-30 07:00:41,-5.6667,132.75,83.8,75,100,20.24
183,Sheoganj,IN,2022-12-30 07:00:42,25.15,73.0667,76.39,35,0,7.76
184,Camacha,PT,2022-12-30 07:00:43,33.0833,-16.3333,60.22,88,20,6.91
185,Mtsamboro,YT,2022-12-30 07:00:43,-12.6998,45.0689,78.12,69,42,12.62
186,Ancud,CL,2022-12-30 07:00:44,-41.8697,-73.8203,48.81,91,45,2.77
187,Chimbote,PE,2022-12-30 07:00:45,-9.0853,-78.5783,68.25,86,90,6.31
188,Houston,US,2022-12-30 06:58:19,29.7633,-95.3633,69.15,91,100,9.22
189,San Cristobal,VE,2022-12-30 07:00:46,7.7669,-72.225,63.03,93,11,1.32
190,Mahajanga,MG,2022-12-30 07:00:46,-15.7167,46.3167,86.02,66,20,9.22
191,Bojnurd,IR,2022-12-30 07:00:47,37.4747,57.329,38.46,62,4,2.28
192,Kavieng,PG,2022-12-30 07:00:48,-2.5744,150.7967,80.02,79,97,9.19
193,Pechora,RU,2022-12-30 07:00:48,65.1472,57.2244,-15.45,99,14,3.91
194,Vostok,RU,2022-12-30 07:00:49,46.4856,135.8833,-1.16,97,76,2.68
195,Kununurra,AU,2022-12-30 07:00:49,-15.7667,128.7333,80.58,94,40,8.05
196,Carnarvon,AU,2022-12-30 07:00:50,-24.8667,113.6333,83.28,58,0,25.08
197,Jamestown,US,2022-12-30 06:57:11,42.097,-79.2353,51.44,76,100,10.36
198,Muscat,OM,2022-12-30 06:57:47,23.6139,58.5922,72.57,42,19,5.12
199,Kushiro,JP,2022-12-30 07:00:52,42.975,144.3747,28.44,67,16,1.01
200,Katsuura,JP,2022-12-30 07:00:54,35.1333,140.3,49.73,50,99,4.23
201,Tera,NE,2022-12-30 07:00:54,14.0078,0.7531,62.53,28,2,10.36
202,Fairbanks,US,2022-12-30 06:57:33,64.8378,-147.7164,-1.91,85,27,2.86
203,Trebisacce,IT,2022-12-30 07:00:55,39.8708,16.5312,45.36,57,28,2.51
204,Lorengau,PG,2022-12-30 07:00:56,-2.0226,147.2712,77.56,85,100,10.27
205,Bingol,TR,2022-12-30 07:00:56,38.8847,40.4939,38.37,41,0,3.36
206,Mehamn,NO,2022-12-30 07:00:57,71.0357,27.8492,22.95,68,0,29.93
207,Sitka,US,2022-12-30 07:00:57,57.0531,-135.33,35.46,91,100,9.98
208,Barra Do Garcas,BR,2022-12-30 07:00:58,-15.89,-52.2567,70.3,97,100,2.66
209,Sorgun,TR,2022-12-30 07:00:58,39.8101,35.186,37.49,64,0,2.95
210,Yongan,CN,2022-12-30 07:00:59,39.6957,113.6871,22.98,23,0,5.61
211,Sechura,PE,2022-12-30 07:00:59,-5.5569,-80.8222,69.04,83,19,5.55
212,Makasar,ID,2022-12-30 07:01:00,-5.14,119.4221,73.45,88,75,12.66
213,Buchanan,LR,2022-12-30 07:01:01,5.8808,-10.0467,74.59,91,45,4.9
214,Pervomayskoye,RU,2022-12-30 07:01:01,43.919,46.7102,36.93,56,80,3.58
215,Georgetown,MY,2022-12-30 07:00:39,5.4112,100.3354,89.53,40,20,11.5
216,Sinnamary,GF,2022-12-30 07:01:07,5.3833,-52.95,75.76,88,95,7.2
217,Houma,US,2022-12-30 06:57:35,29.5958,-90.7195,68.0,94,40,13.8
218,Paine,CL,2022-12-30 07:01:11,-33.8167,-70.75,72.72,59,0,0.85
219,Hithadhoo,MV,2022-12-30 07:01:13,-0.6,73.0833,80.26,74,9,4.14
220,Pontianak,ID,2022-12-30 07:01:15,-0.0333,109.3333,89.58,52,40,17.27
221,Guerrero Negro,MX,2022-12-30 07:01:19,27.9769,-114.0611,58.77,82,4,10.31
222,Coquimbo,CL,2022-12-30 07:01:23,-29.9533,-71.3436,61.81,87,64,2.24
223,Ust-Maya,RU,2022-12-30 07:01:27,60.4167,134.5333,-13.52,100,100,0.36
224,Nome,US,2022-12-30 07:01:29,64.5011,-165.4064,2.89,87,100,6.96
225,Itaituba,BR,2022-12-30 07:01:31,-4.2761,-55.9836,72.32,99,100,0.65
226,Biak,ID,2022-12-30 07:02:32,-0.9131,122.8766,82.81,69,100,2.24
227,Lasa,IT,2022-12-30 07:02:33,46.6166,10.7002,34.36,96,92,0.65
228,Puerto Escondido,MX,2022-12-30 07:02:33,15.85,-97.0667,75.38,70,99,5.01
229,Vardo,NO,2022-12-30 07:02:34,70.3705,31.1107,26.58,80,40,19.57
230,Hamilton,US,2022-12-30 07:02:35,39.1834,-84.5333,58.44,68,91,3.0
231,Aguimes,ES,2022-12-30 07:02:35,27.9054,-15.4461,65.66,64,20,6.91
232,Tamiahua,MX,2022-12-30 07:02:36,21.2667,-97.45,67.48,87,100,7.49
233,Semnan,IR,2022-12-30 07:02:36,35.5729,53.3971,43.88,39,0,1.97
234,Cervo,ES,2022-12-30 07:02:37,43.6702,-7.4101,61.83,81,100,22.84
235,Edmonds,US,2022-12-30 06:59:30,47.8107,-122.3774,45.64,92,100,11.5
236,Omboue,GA,2022-12-30 07:02:38,-1.5746,9.2618,80.08,82,100,0.81
237,Luau,AO,2022-12-30 07:02:38,-10.7073,22.2247,67.51,94,100,4.14
238,Morondava,MG,2022-12-30 07:02:40,-20.2833,44.2833,83.95,69,99,2.8
239,Juneau,US,2022-12-30 07:02:40,58.3019,-134.4197,33.22,100,100,6.98
240,Caala,AO,2022-12-30 07:02:41,-12.8525,15.5606,62.49,84,100,2.59
241,Airai,TL,2022-12-30 07:02:41,-8.9266,125.4092,65.39,85,100,5.99
242,Cayenne,GF,2022-12-30 07:00:08,4.9333,-52.3333,73.44,100,20,0.0
243,Provideniya,RU,2022-12-30 07:02:42,64.3833,-173.3,-6.83,81,89,11.83
244,Bubaque,GW,2022-12-30 07:02:42,11.2833,-15.8333,71.74,82,100,9.42
245,Kemijarvi,FI,2022-12-30 07:02:43,66.7131,27.4306,23.49,85,100,15.95
246,Changtu,CN,2022-12-30 07:02:43,42.7788,124.0955,18.39,70,0,8.9
247,Atuona,PF,2022-12-30 07:02:44,-9.8,-139.0333,78.06,77,43,15.68
248,Bethel,US,2022-12-30 07:02:44,41.3712,-73.414,42.94,70,0,1.01
249,Kailua,US,2022-12-30 07:02:45,21.4022,-157.7394,73.9,82,76,6.78
250,Nizwa,OM,2022-12-30 06:58:16,22.9333,57.5333,72.43,31,6,2.93
251,Poum,NC,2022-12-30 07:02:46,-20.2333,164.0167,81.1,79,19,13.04
252,Te Anau,NZ,2022-12-30 07:02:46,-45.4167,167.7167,63.36,50,94,5.23
253,Hurghada,EG,2022-12-30 07:02:47,27.2574,33.8129,63.36,57,0,16.71
254,Camacupa,AO,2022-12-30 07:02:47,-12.0167,17.4833,62.71,95,100,3.09
255,Palencia,ES,2022-12-30 07:02:48,42.4167,-4.5,52.92,92,100,26.49
256,Darhan,MN,2022-12-30 07:02:48,49.4867,105.9228,3.13,92,96,0.92
257,Rio Tercero,AR,2022-12-30 07:02:49,-32.173,-64.1141,62.8,30,0,4.68
258,Leningradskiy,RU,2022-12-30 07:02:50,69.3833,178.4167,-16.29,92,100,12.24
259,Ocean City,US,2022-12-30 07:00:37,39.2776,-74.5746,39.0,78,1,6.29
260,Myaundzha,RU,2022-12-30 07:02:50,63.0494,147.1858,-21.08,93,100,1.72
261,Placido De Castro,BR,2022-12-30 07:02:51,-10.3353,-67.1856,71.89,99,100,0.94
262,Sioux Lookout,CA,2022-12-30 07:00:40,50.1001,-91.917,24.87,93,100,6.91
263,Atar,MR,2022-12-30 07:02:53,20.5169,-13.0499,69.24,39,64,20.49
264,Iqaluit,CA,2022-12-30 07:02:53,63.7506,-68.5145,-21.51,89,6,13.82
265,Namibe,AO,2022-12-30 07:02:54,-15.1961,12.1522,73.78,78,100,9.37
266,Savannakhet,LA,2022-12-30 07:02:55,16.566,104.751,78.17,43,42,14.36
267,Bajil,YE,2022-12-30 07:02:55,15.0584,43.2851,79.47,66,89,4.18
268,Luba,GQ,2022-12-30 07:03:56,3.4568,8.5547,81.07,67,59,3.15
269,Talnakh,RU,2022-12-30 07:03:56,69.4865,88.3972,-20.16,95,37,6.76
270,Shelton,US,2022-12-30 07:00:08,41.3165,-73.0932,44.42,78,0,1.99
271,Sinnar,SD,2022-12-30 07:03:57,13.5691,33.5672,75.47,24,5,13.89
272,Loa Janan,ID,2022-12-30 07:03:58,-0.583,117.095,89.47,51,100,4.9
273,Gimli,CA,2022-12-30 07:03:58,50.6336,-96.9907,-2.09,95,93,7.45
274,Washington,US,2022-12-30 07:02:05,47.5001,-120.5015,34.34,85,100,1.72
275,Kalaleh,IR,2022-12-30 07:03:59,37.3807,55.4916,49.35,63,57,2.91
276,Belmonte,BR,2022-12-30 07:04:00,-15.8631,-38.8828,74.46,86,44,4.72
277,Kruglolesskoye,RU,2022-12-30 07:04:00,44.6589,42.8142,34.3,47,79,3.0
278,Mahebourg,MU,2022-12-30 07:04:01,-20.4081,57.7,79.52,65,2,7.47
279,Torbay,CA,2022-12-30 07:04:02,47.6666,-52.7314,23.58,82,96,5.99
280,Laguna,US,2022-12-30 07:04:02,38.421,-121.4238,52.05,94,100,20.71
281,Marawi,PH,2022-12-30 07:04:03,7.9986,124.2928,75.78,86,100,2.21
282,Panorama,GR,2022-12-30 07:04:04,40.5878,23.0315,49.53,89,75,2.3
283,Esmeraldas,BR,2022-12-30 07:02:34,-19.7625,-44.3139,67.39,91,100,2.46
284,Aklavik,CA,2022-12-30 07:04:06,68.2191,-135.0107,-8.79,97,100,5.08
285,Chokurdakh,RU,2022-12-30 07:04:07,70.6333,147.9167,-43.42,99,64,5.79
286,Myski,RU,2022-12-30 07:00:54,53.709,87.8014,13.06,92,96,0.72
287,Svetlogorsk,BY,2022-12-30 07:04:09,52.6333,29.7333,34.68,99,100,7.58
288,Sargatskoye,RU,2022-12-30 07:01:24,55.6101,73.4972,-2.49,100,100,4.05
289,Fuzhou,CN,2022-12-30 07:04:10,26.0614,119.3061,57.79,66,94,5.39
290,Sanmenxia,CN,2022-12-30 07:04:11,34.7747,111.1814,43.79,25,0,2.93
291,San Miguel,SV,2022-12-30 07:04:12,13.4833,-88.1833,70.99,76,5,1.83
292,Teknaf,BD,2022-12-30 07:04:13,20.8624,92.3058,75.65,39,58,10.2
293,Saint-Louis,SN,2022-12-30 07:04:13,16.3333,-15.0,71.47,46,93,7.56
294,Takoradi,GH,2022-12-30 07:04:15,4.8845,-1.7554,77.23,86,76,3.62
295,Kozhva,RU,2022-12-30 07:04:15,65.1073,57.0459,-14.67,99,14,3.74
296,Balkhash,KZ,2022-12-30 07:04:17,46.844,74.9804,21.81,93,40,4.47
297,Cuamba,MZ,2022-12-30 07:04:19,-14.8031,36.5372,74.44,83,100,0.56
298,Socorro,US,2022-12-30 07:02:48,31.6546,-106.3033,51.01,56,100,6.91
299,Yunyang,CN,2022-12-30 07:04:21,33.4474,112.7142,48.36,23,0,6.73
300,Palmer,US,2022-12-30 07:04:23,42.1584,-72.3287,43.21,76,100,0.0
301,Norman Wells,CA,2022-12-30 07:04:24,65.282,-126.8329,-8.66,96,78,6.11
302,Constantine,DZ,2022-12-30 06:59:47,36.365,6.6147,35.01,86,0,1.14
303,Yazman,PK,2022-12-30 07:04:25,29.1212,71.7446,66.87,44,0,13.58
304,Haputale,LK,2022-12-30 07:04:26,6.7681,80.9595,69.44,58,100,4.05
305,Dauriya,RU,2022-12-30 07:04:27,49.9333,116.8667,0.73,91,94,6.08
306,Vila Do Maio,CV,2022-12-30 07:04:29,15.1333,-23.2167,72.19,60,1,8.01
307,Bowen,AU,2022-12-30 07:04:29,-20.0167,148.2333,81.25,67,67,11.34
308,Urucara,BR,2022-12-30 07:04:30,-2.5364,-57.76,72.09,88,100,2.68
309,Ilulissat,GL,2022-12-30 07:04:32,69.2167,-51.1,14.02,85,100,3.44
310,Shaunavon,CA,2022-12-30 07:04:33,49.6501,-108.4181,16.81,94,50,8.81
311,Port Hawkesbury,CA,2022-12-30 07:04:33,45.6169,-61.3485,28.58,89,100,3.0
312,Salalah,OM,2022-12-30 07:04:34,17.0151,54.0924,80.69,29,0,19.57
313,Khakhea,BW,2022-12-30 07:04:35,-24.6895,23.494,76.89,51,100,15.79
314,Sambava,MG,2022-12-30 07:04:36,-14.2667,50.1667,82.08,61,0,8.97
315,Skelleftea,SE,2022-12-30 07:04:38,64.7507,20.9528,33.01,100,100,9.22
316,Kosh-Agach,RU,2022-12-30 07:05:38,50.0,88.6667,3.61,93,100,0.81
317,Ust-Kuyga,RU,2022-12-30 07:05:38,70.0167,135.6,-38.72,100,100,7.16
318,Honningsvag,NO,2022-12-30 07:03:19,70.9821,25.9704,26.35,74,100,24.16
319,Cabo San Lucas,MX,2022-12-30 07:05:40,22.8909,-109.9124,70.52,71,100,9.33
320,Gombong,ID,2022-12-30 07:05:41,-7.6072,109.5142,84.33,69,89,5.91
321,Beringovskiy,RU,2022-12-30 07:05:42,63.05,179.3167,-9.72,88,100,16.82
322,Kahama,TZ,2022-12-30 07:05:42,-3.8333,32.6,68.85,82,100,6.11
323,Asau,RO,2022-12-30 07:05:43,46.4333,26.4,23.92,81,17,6.55
324,Paipa,CO,2022-12-30 07:05:43,5.7801,-73.1171,50.81,94,51,1.05
325,Sarangani,PH,2022-12-30 07:05:44,5.4033,125.4636,82.53,72,100,7.72
326,Berlevag,NO,2022-12-30 07:05:44,70.8578,29.0864,24.8,73,100,35.68
327,Chicama,PE,2022-12-30 07:05:44,-7.8447,-79.1469,66.74,81,79,5.19
328,Vila,PT,2022-12-30 07:05:45,42.0304,-8.1588,49.08,96,100,11.7
329,Port Moresby,PG,2022-12-30 07:02:07,-9.4431,147.1797,73.56,94,100,6.73
330,Saint-Georges,GD,2022-12-30 07:05:46,12.0564,-61.7485,76.15,86,27,13.4
331,Miramar,US,2022-12-30 07:05:46,25.9873,-80.2323,75.22,86,20,12.66
332,Tiksi,RU,2022-12-30 07:05:47,71.6872,128.8694,-8.57,96,100,10.47
333,Nishihara,JP,2022-12-30 07:05:47,26.1842,127.7558,60.46,88,75,18.41
334,Aksu,CN,2022-12-30 07:05:48,41.1231,80.2644,28.44,38,100,4.45
335,Conakry,GN,2022-12-30 07:01:09,9.538,-13.6773,77.86,63,30,5.3
336,Pali,IN,2022-12-30 07:05:49,25.7667,73.3333,75.96,24,0,8.1
337,Sorland,NO,2022-12-30 07:05:49,67.667,12.6934,40.86,75,75,34.52
338,Ust-Nera,RU,2022-12-30 07:05:50,64.5667,143.2,-12.42,99,100,1.14
339,Krasnystaw,PL,2022-12-30 07:05:50,50.9846,23.1742,39.4,81,100,12.48
340,Shelburne,CA,2022-12-30 07:05:51,44.0787,-80.2041,44.6,98,100,13.09
341,Touros,BR,2022-12-30 07:05:51,-5.1989,-35.4608,77.68,78,6,11.7
342,Riyadh,SA,2022-12-30 07:04:32,24.6877,46.7219,53.74,46,100,7.92
343,Zarubino,RU,2022-12-30 07:05:52,42.63,131.0922,23.11,57,0,11.88
344,Hwange,ZW,2022-12-30 07:05:52,-18.3693,26.5019,83.57,50,83,8.61
345,Nouakchott,MR,2022-12-30 07:05:53,18.0858,-15.9785,67.84,74,99,7.34
346,Goderich,CA,2022-12-30 07:01:36,43.7501,-81.7165,47.91,97,100,19.66
347,Kutum,SD,2022-12-30 07:05:54,14.2,24.6667,55.26,31,4,9.55
348,Rengo,CL,2022-12-30 07:05:54,-34.4167,-70.8667,61.75,56,0,1.21
349,Vila Franca Do Campo,PT,2022-12-30 07:05:55,37.7167,-25.4333,63.01,85,100,26.87
350,Fort Abbas,PK,2022-12-30 07:05:55,29.1925,72.8536,67.53,38,0,12.01
351,Blackwater,AU,2022-12-30 07:05:56,-23.5833,148.8833,90.45,36,70,13.69
352,Tarko-Sale,RU,2022-12-30 07:05:56,64.9225,77.785,-19.98,98,45,8.16
353,Visby,SE,2022-12-30 07:05:56,57.6409,18.296,41.83,93,40,17.27
354,Sao Pedro Do Piaui,BR,2022-12-30 07:05:57,-5.9294,-42.7186,71.96,74,32,2.42
355,Fort Nelson,CA,2022-12-30 07:05:57,58.8053,-122.7002,-4.41,84,100,0.0
356,Okhotsk,RU,2022-12-30 07:05:58,59.3833,143.3,3.43,96,100,6.26
357,Dwarka,IN,2022-12-30 07:05:58,22.2394,68.9678,76.78,47,0,9.95
358,Katobu,ID,2022-12-30 07:05:59,-4.9408,122.5276,82.53,72,100,8.43
359,Santa Maria A Monte,IT,2022-12-30 07:06:00,43.6999,10.689,54.9,92,93,1.12
360,Le Vauclin,MQ,2022-12-30 07:06:00,14.5452,-60.8388,77.05,78,75,10.36
361,Yabelo,ET,2022-12-30 07:08:16,4.8833,38.0833,67.86,34,74,24.34
362,Kaitangata,NZ,2022-12-30 07:08:16,-46.2817,169.8464,54.61,61,59,5.46
363,Whitehorse,CA,2022-12-30 07:08:17,60.7161,-135.0538,-1.89,78,97,3.0
364,Ariquemes,BR,2022-12-30 07:08:17,-9.9133,-63.0408,71.4,100,100,2.62
365,Zhob,PK,2022-12-30 07:08:16,31.3411,69.4481,48.07,44,0,5.12
366,Resistencia,AR,2022-12-30 07:08:18,-27.4606,-58.9839,71.1,80,0,1.14
367,Kuah,MY,2022-12-30 07:08:18,6.3265,99.8432,80.37,63,100,2.71
368,Saint-Pierre,RE,2022-12-30 07:08:19,-21.3393,55.4781,82.18,69,20,8.05
369,Ostrovnoy,RU,2022-12-30 07:08:20,68.0531,39.5131,16.0,90,26,15.39
370,Puerto Maldonado,PE,2022-12-30 07:08:20,-12.6,-69.1833,71.94,99,100,3.56
371,Ulaanbaatar,MN,2022-12-30 07:07:38,47.9077,106.8832,-5.67,71,47,4.47
372,Wewak,PG,2022-12-30 07:08:21,-3.5534,143.6268,80.62,83,100,8.88
373,Marfino,RU,2022-12-30 07:08:22,55.7028,37.3822,31.08,100,100,8.95
374,Birjand,IR,2022-12-30 07:08:22,32.8663,59.2211,45.81,24,0,2.26
375,Umm Kaddadah,SD,2022-12-30 07:08:23,13.6017,26.6876,62.44,34,0,20.31
376,Hatillo,PR,2022-12-30 07:08:23,18.4863,-66.8254,76.78,93,13,5.01
377,Labuhan,ID,2022-12-30 07:08:24,-6.8844,112.2051,81.64,80,100,18.77
378,Port Lincoln,AU,2022-12-30 07:08:24,-34.7333,135.8667,66.25,61,0,17.54
379,Avera,US,2022-12-30 07:08:25,33.194,-82.5271,54.91,92,98,4.63
380,Yerbogachen,RU,2022-12-30 07:08:25,61.2767,108.0108,-33.72,99,17,2.66
381,Dabrowa Gornicza,PL,2022-12-30 07:08:26,50.3182,19.2374,42.12,90,100,8.12
382,Cocorit,MX,2022-12-30 07:08:26,27.5833,-109.9667,64.45,54,100,3.38
383,Abu Samrah,SY,2022-12-30 07:08:27,35.3029,37.1841,50.04,75,2,7.29
384,Mitsamiouli,KM,2022-12-30 07:08:28,-11.3847,43.2844,82.17,71,99,6.04
385,Bela,IN,2022-12-30 07:08:28,25.9333,81.9833,71.08,28,8,2.55
386,Inhambane,MZ,2022-12-30 07:08:29,-23.865,35.3833,84.27,55,66,5.01
387,Cordoba,AR,2022-12-30 07:08:29,-31.4135,-64.1811,69.76,48,0,4.61
388,Iwamizawa,JP,2022-12-30 07:08:30,43.2003,141.7597,30.63,88,100,4.9
389,Mareeba,AU,2022-12-30 07:08:30,-17.0,145.4333,81.45,68,100,5.41
390,Juan Aldama,MX,2022-12-30 07:08:31,24.2908,-103.3944,47.48,62,100,10.0
391,Kousseri,CM,2022-12-30 07:08:32,12.0769,15.0306,62.28,23,8,10.69
392,Baruun-Urt,MN,2022-12-30 07:08:32,46.6806,113.2792,8.11,75,2,14.23
393,Owando,CG,2022-12-30 07:08:33,-0.4819,15.8999,74.39,59,97,2.37
394,Timbiqui,CO,2022-12-30 07:08:33,2.7717,-77.6654,73.83,92,100,2.64
395,Olafsvik,IS,2022-12-30 07:08:34,64.8945,-23.7142,22.57,53,100,10.85
396,La Rioja,ES,2022-12-30 07:08:34,42.25,-2.5,40.78,84,100,8.14
397,Isangel,VU,2022-12-30 07:08:35,-19.55,169.2667,81.41,87,100,16.02
398,Itarema,BR,2022-12-30 07:08:35,-2.9248,-39.9167,77.5,84,47,8.1
399,Bonaventure,CA,2022-12-30 07:08:36,48.0457,-65.4926,23.58,97,100,8.75
400,Mayo,US,2022-12-30 07:08:36,38.8876,-76.5119,42.49,93,0,0.0
401,Sakakah,SA,2022-12-30 07:08:36,29.9697,40.2064,50.79,55,0,12.12
402,Hami,CN,2022-12-30 07:08:37,42.8,93.45,23.52,39,10,2.91
403,Kontagora,NG,2022-12-30 07:08:37,10.3999,5.4695,65.16,18,63,8.34
404,Dunedin,NZ,2022-12-30 07:05:13,-45.8742,170.5036,59.81,95,88,4.54
405,Bardiyah,LY,2022-12-30 07:08:38,31.7561,25.0865,60.46,70,7,5.97
406,New Glasgow,CA,2022-12-30 07:08:38,45.5834,-62.6486,28.78,87,73,5.86
407,Barcelos,PT,2022-12-30 07:05:59,41.5388,-8.6151,60.94,94,100,16.46
408,Bacolod,PH,2022-12-30 07:08:39,10.6667,122.95,83.77,77,100,6.64
409,Bukachacha,RU,2022-12-30 07:09:40,52.9833,116.9167,4.87,94,11,2.35
410,Llangefni,GB,2022-12-30 07:09:40,53.2556,-4.3106,50.81,70,100,40.29
411,Monchegorsk,RU,2022-12-30 07:09:41,67.9397,32.8739,17.98,89,66,14.7
412,Kahului,US,2022-12-30 07:09:41,20.8947,-156.47,75.85,76,100,3.44
413,Kedougou,SN,2022-12-30 07:09:42,12.5579,-12.1743,79.36,18,100,7.18
414,Constitucion,CL,2022-12-30 07:09:42,-35.3333,-72.4167,57.6,75,0,2.57
415,Arrifes,PT,2022-12-30 07:09:43,37.7667,-25.7,61.05,82,75,23.02
416,Asyut,EG,2022-12-30 07:09:43,27.181,31.1837,58.03,58,0,10.67
417,Sola,VU,2022-12-30 07:09:43,-13.8833,167.55,82.51,72,99,16.84
418,Annau,TM,2022-12-30 07:09:44,37.8876,58.516,44.02,72,47,5.26
419,Riviere-Au-Renard,CA,2022-12-30 07:09:44,48.9957,-64.3971,17.89,93,100,10.54
420,Tessalit,ML,2022-12-30 07:09:45,20.1986,1.0114,60.26,17,100,11.1
421,Pangnirtung,CA,2022-12-30 07:09:45,66.1451,-65.7125,-19.19,100,98,2.8
422,Bend,US,2022-12-30 07:05:13,44.0582,-121.3153,37.81,93,75,6.91
423,Karratha,AU,2022-12-30 07:09:46,-20.7377,116.8463,96.53,39,8,16.2
424,Kiruna,SE,2022-12-30 07:09:47,67.8557,20.2251,14.92,92,100,5.75
425,Vestmannaeyjar,IS,2022-12-30 07:09:47,63.4427,-20.2734,20.71,65,0,20.09
426,Ca Mau,VN,2022-12-30 07:09:48,9.1769,105.15,86.95,48,73,6.35
427,Mount Isa,AU,2022-12-30 07:09:48,-20.7333,139.5,92.97,38,100,10.36
428,Lerwick,GB,2022-12-30 07:09:49,60.1545,-1.1494,41.0,66,100,11.99
429,Vaitape,PF,2022-12-30 07:09:49,-16.5167,-151.75,80.82,76,100,15.77
430,North Bend,US,2022-12-30 07:09:50,43.4065,-124.2243,56.91,94,100,13.8
431,Ucluelet,CA,2022-12-30 07:09:50,48.9329,-125.5528,46.09,93,100,13.02
432,Sarajevo,BA,2022-12-30 07:09:51,43.8486,18.3564,31.91,100,100,1.14
433,Acajutla,SV,2022-12-30 07:09:51,13.5928,-89.8275,76.3,74,7,6.51
434,Kruisfontein,ZA,2022-12-30 07:09:52,-34.0033,24.7314,67.89,43,12,9.35
435,Wonthaggi,AU,2022-12-30 07:09:52,-38.6044,145.5913,71.26,75,0,11.59
436,Hofn,IS,2022-12-30 07:09:53,64.2539,-15.2082,17.35,65,5,16.82
437,Warrnambool,AU,2022-12-30 07:09:53,-38.3833,142.4833,66.2,75,40,10.07
438,Aquidauana,BR,2022-12-30 07:09:54,-20.4711,-55.7872,70.41,44,50,3.76
439,Inuvik,CA,2022-12-30 07:09:55,68.3499,-133.7218,-8.61,95,98,2.66
440,Kurilsk,RU,2022-12-30 07:09:55,45.2333,147.8833,25.29,68,99,15.32
441,Vilhena,BR,2022-12-30 07:08:12,-12.7406,-60.1458,66.25,97,100,0.56
442,Ormara,PK,2022-12-30 07:09:56,25.2088,64.6357,73.85,30,1,19.44
443,Mossendjo,CG,2022-12-30 07:09:56,-2.9506,12.7261,73.4,94,99,2.1
444,Altamira,BR,2022-12-30 07:09:57,-3.2033,-52.2064,71.78,98,100,1.99
445,Wuwei,CN,2022-12-30 07:09:58,37.9281,102.6414,31.23,19,29,3.0
446,Kumba,CM,2022-12-30 07:09:58,4.6363,9.4469,76.05,53,100,1.32
447,Batagay-Alyta,RU,2022-12-30 07:09:59,67.8006,130.4114,-30.23,91,78,5.39
448,Rabo De Peixe,PT,2022-12-30 07:10:00,37.8,-25.5833,62.11,82,75,23.02
449,Port Hardy,CA,2022-12-30 07:10:00,50.6996,-127.4199,42.12,90,100,19.8
450,San Jose,US,2022-12-30 07:05:55,37.3394,-121.895,56.05,91,75,10.36
451,Kansanshi,ZM,2022-12-30 07:10:01,-12.0951,26.4273,61.56,99,100,3.02
452,Santiago Del Estero,AR,2022-12-30 07:10:01,-27.7951,-64.2615,72.48,61,0,7.9
453,Ghauspur,PK,2022-12-30 07:10:02,28.1391,69.0831,70.25,33,0,10.4
454,Salinopolis,BR,2022-12-30 07:09:59,-0.6136,-47.3561,77.27,88,100,9.86
455,Synya,RU,2022-12-30 07:11:03,65.3718,58.0387,-16.2,97,12,2.66
456,Gashua,NG,2022-12-30 07:11:03,12.871,11.0482,58.03,24,0,11.39
457,Basco,PH,2022-12-30 07:11:04,20.4487,121.9702,74.82,77,96,28.61
458,Muroto,JP,2022-12-30 07:11:04,33.2833,134.15,49.44,47,6,3.27
459,Kungurtug,RU,2022-12-30 07:11:05,50.5994,97.5228,8.19,86,98,0.63
460,Nabire,ID,2022-12-30 07:11:05,-3.3667,135.4833,85.01,63,94,5.17
461,Kulevcha,UA,2022-12-30 07:11:06,46.0303,29.9361,38.35,81,74,8.99
462,Port-Cartier,CA,2022-12-30 07:11:06,50.0334,-66.8654,16.75,95,100,7.05
463,Richards Bay,ZA,2022-12-30 07:11:07,-28.783,32.0377,68.16,81,100,14.63
464,Qingdao,CN,2022-12-30 07:11:07,36.0986,120.3719,35.71,26,57,2.66
465,Balykshi,KZ,2022-12-30 07:11:08,47.0667,51.8667,26.6,86,17,6.71
466,Khani,GE,2022-12-30 07:11:08,41.9563,42.9566,35.17,41,100,3.47
467,Aboso,GH,2022-12-30 07:11:09,5.3617,-1.9473,73.96,92,71,1.92
468,Villa Union,MX,2022-12-30 07:11:09,23.2,-106.2333,72.01,100,75,0.0
469,Cockburn Town,TC,2022-12-30 07:11:10,21.4612,-71.1419,78.37,76,0,22.26
470,Bereda,ES,2022-12-30 07:11:10,43.2686,-7.5406,58.41,100,100,13.04
471,Klyuchi,RU,2022-12-30 07:11:11,52.2667,79.1667,8.87,92,100,1.97
472,Astoria,US,2022-12-30 07:10:37,46.1879,-123.8313,51.85,96,100,8.99
473,Port Said,EG,2022-12-30 07:11:12,31.2565,32.2841,65.3,60,3,8.86
474,Turangi,NZ,2022-12-30 07:11:12,-39.0,175.9333,67.71,65,64,6.87
475,Kendari,ID,2022-12-30 07:11:13,-3.945,122.4989,81.16,80,100,3.89
476,Sokoni,TZ,2022-12-30 07:11:13,-6.4333,39.55,82.29,71,29,9.51
477,Ocampo,MX,2022-12-30 07:11:14,21.65,-101.5,43.16,49,17,7.78
478,Ndele,CF,2022-12-30 07:11:15,8.4109,20.6473,76.1,23,17,6.85
479,San Juan,AR,2022-12-30 07:08:49,-31.5375,-68.5364,78.04,25,0,7.16
480,Charlestown,AU,2022-12-30 07:11:16,-32.95,151.6667,75.81,76,28,8.01
481,Mwinilunga,ZM,2022-12-30 07:11:16,-11.7358,24.4293,62.42,99,100,2.84
482,Bathsheba,BB,2022-12-30 07:11:17,13.2167,-59.5167,75.81,88,75,16.11
483,Beloha,MG,2022-12-30 07:11:17,-25.1667,45.05,92.01,38,0,1.23
484,Buraydah,SA,2022-12-30 07:11:07,26.326,43.975,57.11,36,69,12.1
485,Concordia,AR,2022-12-30 07:11:18,-31.393,-58.0209,69.78,73,0,1.99
486,Baykit,RU,2022-12-30 07:11:18,61.67,96.37,-22.13,98,24,1.74
487,Abonnema,NG,2022-12-30 07:11:19,4.7084,6.7931,76.44,48,65,6.55
488,Bosaso,SO,2022-12-30 07:11:19,11.2842,49.1816,79.16,65,5,6.08
489,Loanda,AO,2022-12-30 07:11:16,-8.8368,13.2343,80.6,78,75,3.44
490,Broome,US,2022-12-30 07:11:20,42.2506,-75.833,41.68,78,73,1.99
491,Carmen,MX,2022-12-30 07:10:14,18.6333,-91.8333,75.45,84,0,15.95
492,Morehead,US,2022-12-30 07:11:21,37.2711,-87.1764,58.95,73,100,4.61
493,Nouadhibou,MR,2022-12-30 07:11:21,20.931,-17.0347,67.35,78,22,7.2
494,Lavrentiya,RU,2022-12-30 07:11:22,65.5833,-171.0,-8.77,87,65,9.1
495,Rawson,AR,2022-12-30 07:11:22,-43.3002,-65.1023,63.05,55,100,7.65
496,Prainha,BR,2022-12-30 07:11:23,-1.8,-53.48,70.95,95,97,2.21
497,Thanh Hoa,VN,2022-12-30 07:07:30,19.8,105.7667,64.85,52,77,8.68
498,Warren,US,2022-12-30 07:09:55,39.4334,-84.1666,58.93,63,100,12.66
499,Sungaipenuh,ID,2022-12-30 07:11:24,-2.0833,101.3833,71.96,81,95,5.66
500,Gemena,CD,2022-12-30 07:11:25,3.25,19.7667,80.15,36,90,4.85
501,San-Pedro,CI,2022-12-30 07:11:25,4.7485,-6.6363,75.34,88,100,2.95
502,Loukhi,RU,2022-12-30 07:11:26,66.0764,33.0381,18.07,93,100,10.6
503,Jiuquan,CN,2022-12-30 07:11:26,39.7432,98.5174,25.36,39,99,1.16
504,Pisco,PE,2022-12-30 07:12:27,-13.7,-76.2167,68.05,88,100,10.36
505,Jutai,BR,2022-12-30 07:12:27,-5.1833,-68.9,71.73,100,100,0.47
506,Isla Mujeres,MX,2022-12-30 07:12:28,21.2311,-86.731,77.16,87,3,12.37
507,Mahanoro,MG,2022-12-30 07:12:29,-19.9,48.8,83.3,58,81,5.55
508,Pithoragarh,IN,2022-12-30 07:12:29,29.5833,80.2167,61.03,36,1,2.89
509,Kisangani,CD,2022-12-30 07:12:30,0.5167,25.2,77.72,67,100,2.28
510,San Luis,AR,2022-12-30 07:12:30,-33.295,-66.3356,70.97,30,2,10.83
511,Douglas,US,2022-12-30 07:12:31,41.3,-96.167,29.86,89,40,1.01
512,Tartagal,AR,2022-12-30 07:12:31,-22.5164,-63.8013,68.63,65,100,3.67
513,Moose Factory,CA,2022-12-30 07:12:32,51.2585,-80.6094,31.98,100,100,3.44
514,Zhireken,RU,2022-12-30 07:12:32,52.8249,117.3076,1.17,95,10,3.62
515,Marsa Matruh,EG,2022-12-30 07:12:33,31.3525,27.2453,62.67,68,0,5.41
516,Nakama,JP,2022-12-30 07:12:33,33.8167,130.7,49.14,59,28,1.01
517,Saryg-Sep,RU,2022-12-30 07:12:34,51.5,95.6,5.07,91,100,2.21
518,Carbonia,IT,2022-12-30 07:12:34,39.1672,8.5222,43.45,94,100,1.36
519,Betare Oya,CM,2022-12-30 07:12:35,5.6,14.0833,72.36,26,68,7.11
520,Isetskoye,RU,2022-12-30 07:12:35,56.4858,65.3226,-2.27,99,99,3.65
521,Mackay,AU,2022-12-30 07:12:36,-21.15,149.2,87.67,69,76,14.45
522,Srednekolymsk,RU,2022-12-30 07:12:36,67.45,153.6833,-43.26,100,85,1.61
523,Sangar,RU,2022-12-30 07:12:37,63.9242,127.4739,-24.57,98,100,5.93
524,Sakaiminato,JP,2022-12-30 07:12:37,35.55,133.2333,46.36,56,100,13.35
525,Wawa,NG,2022-12-30 07:12:37,9.9022,4.4192,67.51,25,100,6.67
526,Shubarshi,KZ,2022-12-30 07:12:38,48.5872,57.1869,23.41,92,95,8.72
527,Yangjiang,CN,2022-12-30 07:10:55,21.85,111.9667,68.5,44,61,6.13
528,Puerto Ayacucho,VE,2022-12-30 07:12:39,5.6639,-67.6236,73.81,74,12,4.12
529,Urumqi,CN,2022-12-30 07:12:01,43.801,87.6005,7.75,85,68,2.24
530,Lazaro Cardenas,MX,2022-12-30 07:12:39,17.9583,-102.2,72.46,76,100,5.39
531,Neuquen,AR,2022-12-30 07:10:23,-38.9516,-68.0591,73.29,49,0,4.61
532,El Cobre,CU,2022-12-30 07:12:40,20.0489,-75.9469,71.04,78,20,5.75
533,Nanakuli,US,2022-12-30 07:12:41,21.3906,-158.1547,73.87,66,100,3.44
534,Maragogi,BR,2022-12-30 07:12:41,-9.0122,-35.2225,76.12,86,9,6.85
535,Mizdah,LY,2022-12-30 07:12:42,31.4451,12.9801,51.55,39,91,4.59
536,Aluksne,LV,2022-12-30 07:12:42,57.4167,27.05,35.47,99,100,9.01
537,Santa Fe Springs,US,2022-12-30 07:12:43,33.9472,-118.0854,58.66,86,100,3.44
538,Aden,YE,2022-12-30 07:12:43,12.7794,45.0367,78.93,70,6,20.94
539,Golden,US,2022-12-30 07:12:43,39.7555,-105.2211,27.99,54,0,5.99
540,Kananga,CD,2022-12-30 07:12:44,-5.8958,22.4178,70.68,88,100,2.28
541,Usinsk,RU,2022-12-30 07:12:40,65.9939,57.5281,-17.81,100,41,4.09
542,Capao Da Canoa,BR,2022-12-30 07:12:45,-29.7456,-50.0097,63.63,78,0,7.49
543,Turukhansk,RU,2022-12-30 07:12:45,65.8167,87.9833,-15.86,84,18,8.52
544,Mangrol,IN,2022-12-30 07:12:46,21.1167,70.1167,79.47,57,6,8.59
545,Matara,LK,2022-12-30 07:12:46,5.9485,80.5353,84.15,56,99,10.83
546,Kasongo-Lunda,CD,2022-12-30 07:12:47,-6.4667,16.8167,74.34,91,81,1.14
547,Ahuimanu,US,2022-12-30 07:12:47,21.4447,-157.8378,73.62,75,75,0.0
548,Arani,IN,2022-12-30 07:12:48,12.6667,79.2833,83.32,53,4,4.81
549,Kloulklubed,PW,2022-12-30 07:12:48,7.0419,134.2556,84.7,77,62,8.03
550,Fukue,JP,2022-12-30 07:12:49,32.6881,128.8419,47.88,61,99,17.87
551,Noumea,NC,2022-12-30 07:12:50,-22.2763,166.4572,82.38,82,64,4.09
552,Gushikawa,JP,2022-12-30 07:12:50,26.3544,127.8686,60.39,88,100,9.22
553,Kilindoni,TZ,2022-12-30 07:12:51,-7.9139,39.6668,83.16,68,76,8.97
